Strain,Stress
0,1.908571429
0,2.635961384
3.12E-05,3.324194598
0,4.126209673
0,4.664275045
0,5.508943571
0.000124992,6.489882827
9.37E-05,7.030623884
9.37E-05,7.32
9.37E-05,7.490035667
0.000187482,7.497966667
0.000187482,7.520279812
0.000187482,7.48061873
0.00028121,7.634451664
0.00028121,7.607111049
0.00028121,7.760830159
0.00028121,7.970460486
0.00028121,8.52157816
0.00037493,9.257253814
0.00037493,10.22397618
0.000343691,11.23138619
0.00028121,12.29839438
0.00028121,13.35414844
0.00028121,14.44714146
0.00028121,15.37500253
0.00028121,16.40821984
0.00028121,17.15915332
0.00037493,17.90553182
0.00037493,18.58951734
0.00037493,19.19753592
0.00037493,19.78385659
0.00037493,20.33024238
0.00037493,20.84973944
0.00037493,21.32293872
0.00046864,21.75703292
0.00046864,22.20275607
0.00046864,22.68297106
0.00046864,23.11141818
0.00046864,23.55740802
0.00046864,23.99654638
0.00046864,24.34771714
0.00046864,24.83434635
0.00046864,25.1354507
0.00046864,25.46785516
0.00046864,25.72244549
0.00046864,26.26911
0.00046864,26.65067624
0.000499875,27.06181597
0.00046864,27.42143725
0.00046864,27.85336935
0.00046864,28.17015
0.00046864,28.59914496
0.00046864,28.94652804
0.00046864,29.37080762
0.00046864,29.62621022
0.00046864,30.00372099
0.00046864,30.3304633
0.00046864,30.70467699
0.00046864,31.01957093
0.00046864,31.37158142
0.00046864,31.65331095
0.00046864,32.00687644
0.00046864,32.29534465
0.00046864,32.6138149
0.00046864,32.87481927
0.00046864,33.15355083
0.00046864,33.46852319
0.00046864,33.79665656
0.00046864,34.05317723
0.00046864,34.33054851
0.00046864,34.62161905
0.000499875,34.97780464
0.000499875,35.19145099
0.00046864,35.50496753
0.000499875,35.68936523
0.00046864,36.01060873
0.00046864,36.30048407
0.000499875,36.60288886
0.000499875,36.85663986
0.00046864,37.14758473
0.00046864,37.33088
0.00046864,37.63902033
0.000499875,37.83599664
0.00046864,38.16062688
0.00046864,38.41835735
0.00046864,38.6604473
0.000531109,38.95933501
0.000593574,39.17438043
0.000593574,39.42012889
0.000687264,39.67900166
0.000687264,39.92500889
0.000687264,40.15744639
0.000687264,40.39833628
0.000687264,40.63005855
0.000562342,40.84868527
0.000624805,41.14697964
0.000593574,41.34967481
0.000687264,41.64247746
0.000687264,41.84942221
0.000687264,42.15001848
0.000687264,42.36466219
0.000687264,42.60719737
0.000687264,42.87428167
0.000687264,43.14077336
0.000687264,43.34348373
0.000687264,43.68126845
0.000687264,43.86193431
0.000687264,44.13479801
0.000687264,44.36575613
0.000687264,44.65171263
0.000687264,44.86906262
0.000687264,45.12503382
0.000656035,45.28418637
0.000687264,45.60228328
0.000687264,45.79714696
0.000687264,46.05921444
0.000687264,46.23400921
0.000687264,46.56452304
0.000687264,46.76782168
0.000687264,47.06383209
0.000687264,47.27806984
0.000687264,47.51828351
0.000687264,47.79083447
0.000718492,47.90280315
0.000780945,48.29655458
0.00081217,48.56858036
0.000780945,48.78073953
0.000780945,49.06229821
0.000780945,49.30235201
0.00081217,49.59044299
0.000780945,49.78661849
0.000780945,50.14814063
0.000780945,50.36024345
0.000780945,50.69288793
0.00081217,50.9802057
0.000780945,51.22775968
0.00081217,51.45983291
0.00081217,51.77254746
0.00081217,52.02547813
0.00081217,52.34468047
0.00081217,52.57702667
0.000780945,52.88154813
0.00081217,53.1662323
0.00081217,53.48646915
0.000749719,53.75596346
0.00081217,54.04818612
0.00081217,54.33421559
0.000749719,54.660322
0.00081217,54.9293844
0.00081217,55.21461376
0.000780945,55.47830525
0.00081217,55.77410955
0.00081217,56.0692424
0.00081217,56.36825877
0.00081217,56.63707424
0.000780945,56.92326688
0.00081217,57.25795511
0.00081217,57.54175381
0.00081217,57.80973287
0.00090584,58.12984737
0.00090584,58.40341155
0.00090584,58.72178311
0.00090584,59.01726696
0.00090584,59.34140772
0.000843394,59.58550232
0.00090584,59.89458599
0.00090584,60.21501663
0.00090584,60.50445236
0.00090584,60.80798257
0.00090584,61.09050258
0.00090584,61.3894889
0.00090584,61.64305927
0.00090584,61.98847004
0.00090584,62.21371923
0.0009995,62.57206708
0.0009995,62.84700201
0.0009995,63.19911842
0.0009995,63.44976595
0.0009995,63.75815511
0.001030719,63.9832947
0.0009995,64.31399767
0.001030719,64.53292489
0.00090584,64.96731354
0.00090584,65.17527259
0.00090584,65.49424959
0.00090584,65.69938305
0.00090584,66.00520978
0.00090584,66.27463112
0.00090584,66.60313098
0.00090584,66.85542926
0.00090584,67.15285913
0.00090584,67.39927381
0.00090584,67.69394631
0.00090584,67.97985347
0.0009995,68.27122206
0.0009995,68.51273491
0.0009995,68.86653757
0.0009995,69.05440641
0.0009995,69.40524579
0.0009995,69.65050889
0.0009995,69.94944763
0.0009995,70.21748144
0.0009995,70.54896653
0.0009995,70.74162696
0.0009995,71.11686317
0.0009995,71.32929719
0.0009995,71.66708677
0.0009995,71.92197847
0.001061936,72.26679349
0.001093152,72.57000595
0.001093152,72.84928528
0.001093152,73.13720561
0.001061936,73.46616933
0.001093152,73.7258327
0.001093152,74.09709679
0.001093152,74.31526979
0.001093152,74.66712516
0.001093152,74.95043345
0.001186795,75.25382508
0.001186795,75.53383
0.001186795,75.75787697
0.001186795,76.05632014
0.001186795,76.34921839
0.001186795,76.66975783
0.00128043,76.92843438
0.001218008,77.18034938
0.001155582,77.44635136
0.00128043,77.77425662
0.001186795,78.0688851
0.001155582,78.30760226
0.001186795,78.60352693
0.001186795,78.90315888
0.001155582,79.22865383
0.001186795,79.4919339
0.001186795,79.73235328
0.001186795,80.03699503
0.001155582,80.3359375
0.001186795,80.58722911
0.001186795,80.87830391
0.001186795,81.14269208
0.001186795,81.42253521
0.001155582,81.67003696
0.001249219,81.96278386
0.001249219,82.22924029
0.00128043,82.44101499
0.001249219,82.75644335
0.001249219,82.99295724
0.00128043,83.31141918
0.001249219,83.52258842
0.00128043,83.81700135
0.001249219,84.06370748
0.001249219,84.31232881
0.001249219,84.54135496
0.001249219,84.8039254
0.001249219,85.04143316
0.001249219,85.39418574
0.001249219,85.62993924
0.001249219,85.91792686
0.001249219,86.10849865
0.001249219,86.45065164
0.001249219,86.58815382
0.001249219,86.92496301
0.001249219,87.10698
0.001218008,87.47841147
0.001249219,87.68674958
0.001249219,88.02052684
0.001249219,88.25592297
0.001249219,88.54556191
0.001342848,88.74494468
0.001342848,89.05302238
0.001342848,89.32042048
0.001342848,89.62347629
0.001342848,89.8073742
0.001342848,90.08015803
0.001342848,90.38149457
0.001342848,90.64634348
0.001342848,90.87241074
0.001436468,91.25041979
0.001374056,91.41841321
0.001342848,91.73845139
0.001342848,91.97555447
0.001342848,92.26014474
0.001342848,92.51366667
0.001342848,92.81172134
0.001342848,93.05619336
0.001342848,93.39604851
0.001342848,93.68855323
0.001342848,93.91635197
0.001342848,94.19499092
0.001342848,94.44330037
0.001342848,94.74376948
0.001342848,94.9560623
0.001342848,95.31834815
0.001342848,95.52354415
0.001342848,95.82054609
0.001405262,96.05930266
0.001436468,96.37635639
0.001436468,96.560306
0.001436468,96.90100416
0.001311639,97.18388247
0.001342848,97.46207143
0.001436468,97.70334676
0.001436468,98.07890071
0.001342848,98.28502676
0.001311639,98.61241717
0.001311639,98.84112321
0.001342848,99.10993597
0.001342848,99.36131579
0.001342848,99.68786224
0.001342848,99.92075921
0.001342848,100.2190199
0.001436468,100.4458715
0.001436468,100.7498209
0.001436468,100.98659
0.001405262,101.3021714
0.001436468,101.5335437
0.001436468,101.8030095
0.001436468,102.0769004
0.001436468,102.408917
0.001436468,102.6242531
0.001436468,102.9685055
0.001436468,103.1911449
0.001436468,103.5287125
0.001436468,103.8008852
0.001467672,104.1028393
0.001436468,104.385993
0.001530079,104.6845783
0.001530079,104.9978488
0.001530079,105.3187182
0.001530079,105.5859265
0.001592481,105.8252273
0.001623681,106.142408
0.001623681,106.4329031
0.001623681,106.7130572
0.001623681,106.9253074
0.001623681,107.3127788
0.001623681,107.5223283
0.001717275,107.8619925
0.001717275,108.1041939
0.001717275,108.4538289
0.001717275,108.7121558
0.001717275,109.0170787
0.001717275,109.2554812
0.001717275,109.621938
0.001748471,109.811479
0.001717275,110.167413
0.001717275,110.4249714
0.001717275,110.7483771
0.001717275,110.9895816
0.001717275,111.3460517
0.001717275,111.5785823
0.001717275,111.987938
0.001717275,112.1844891
0.001717275,112.545556
0.001717275,112.7780319
0.001748471,113.1323501
0.001748471,113.3929625
0.001748471,113.709127
0.001717275,113.9731246
0.001717275,114.3457279
0.001717275,114.5641819
0.001748471,114.9299367
0.001842052,115.1941475
0.001810859,115.5276855
0.001842052,115.7623703
0.001935625,116.1604987
0.001935625,116.418414
0.001935625,116.7181072
0.001935625,117.0032818
0.001935625,117.3350163
0.001935625,117.6336412
0.00202919,117.9454936
0.00202919,118.235412
0.00202919,118.5526707
0.00202919,118.8582687
0.00202919,119.1771829
0.00202919,119.4389475
0.00202919,119.7365539
0.00202919,120.1295526
0.00202919,120.390104
0.002060376,120.6980965
0.00202919,120.9806754
0.002060376,121.3661004
0.00202919,121.6111927
0.00202919,121.6400795
0.00202919,122.2210333
0.00202919,122.6040496
0.00202919,122.8853078
0.00202919,123.2561936
0.00202919,123.5512512
0.00202919,123.9123725
0.00202919,124.1636514
0.002060376,124.4840688
0.00202919,124.7771236
0.00202919,125.1333684
0.002060376,125.3981069
0.00202919,125.7827932
0.002060376,126.1001783
0.00202919,126.5169487
0.002060376,126.8291769
0.00202919,127.1595454
0.00202919,127.5239466
0.002060376,127.8277619
0.002122745,128.1905302
0.002153929,128.5044274
0.002122745,128.905832
0.002153929,129.1296438
0.002153929,129.5548082
0.002247473,129.78856
0.002247473,130.2423854
0.002247473,130.4650732
0.002247473,130.8951026
0.002216292,131.1880066
0.00230983,131.539341
0.002341008,131.8443271
0.002247473,132.2196094
0.002341008,132.4767562
0.002341008,132.8946091
0.002341008,133.1916602
0.002341008,133.5079585
0.002341008,133.8821103
0.002341008,134.2051526
0.002341008,134.5248574
0.002341008,134.858591
0.002341008,135.2431526
0.002341008,135.5480543
0.002341008,135.9110636
0.002341008,136.2318176
0.002341008,136.5805357
0.002341008,136.8441727
0.002247473,137.2972563
0.002247473,137.5613392
0.002247473,137.9640584
0.002247473,138.2436629
0.002247473,138.6518382
0.002341008,138.8711365
0.002341008,139.3255432
0.002341008,139.611337
0.002341008,140.014523
0.002341008,140.2904845
0.002341008,140.6789249
0.002341008,140.9883255
0.002341008,141.3792974
0.002341008,141.6499219
0.002341008,142.0284395
0.00240336,142.3336835
0.002434534,142.7630937
0.002434534,143.076336
0.002434534,143.4653648
0.002434534,143.6902644
0.002434534,144.1494168
0.002434534,144.4298591
0.002434534,144.7600827
0.002434534,145.1285527
0.002434534,145.4898083
0.002434534,145.8760195
0.00240336,146.1700338
0.00249688,146.5372422
0.002528052,146.7827799
0.00249688,147.239109
0.002528052,147.4981244
0.002528052,147.936245
0.002621561,148.1800819
0.002621561,148.6446808
0.002621561,148.8899049
0.002621561,149.3550745
0.002621561,149.5952158
0.002621561,150.0270099
0.002715061,150.254701
0.002715061,150.6905606
0.002715061,150.9744086
0.002683895,151.3591855
0.002683895,151.6903796
0.002683895,152.0567759
0.002715061,152.4495765
0.002777389,152.7977441
0.002808552,153.1383471
0.002777389,153.4973168
0.002777389,153.8415338
0.002777389,154.1643513
0.002777389,154.5418252
0.002777389,154.9048784
0.002777389,155.2306554
0.002777389,155.6338924
0.002808552,155.9860673
0.002777389,156.2779119
0.002777389,156.7222515
0.002808552,156.9694109
0.002777389,157.4848053
0.002777389,157.7168313
0.002808552,158.144462
0.002870875,158.4575492
0.002870875,158.8448245
0.002870875,159.1201431
0.002870875,159.5069524
0.002870875,159.8221482
0.002902035,160.2203562
0.002870875,160.553033
0.002902035,160.8956768
0.002964352,161.2733239
0.002964352,161.6354905
0.002964352,162.0342975
0.002964352,162.4043915
0.00305782,162.7394222
0.003151279,163.0680956
0.003151279,163.4529869
0.003151279,163.7949071
0.00324473,164.1654974
0.00324473,164.4768841
0.00324473,164.9379817
0.00324473,165.1979813
0.00324473,165.6563359
0.003275878,165.9444169
0.00324473,166.3711909
0.00324473,166.4229859
0.00324473,167.1169858
0.00324473,167.3950273
0.00324473,167.8179063
0.00324473,168.1020467
0.00324473,168.4862119
0.003151279,168.8365119
0.003151279,169.2642755
0.00324473,169.6081912
0.00324473,169.9771045
0.00324473,170.3096107
0.00324473,170.7528812
0.003338172,171.1059716
0.003338172,171.3858116
0.003338172,171.8375807
0.003338172,172.1563448
0.003338172,172.5625088
0.003338172,172.8511084
0.003338172,173.3020315
0.003338172,173.5863988
0.003338172,174.0480394
0.003338172,174.3316887
0.003431605,174.7274705
0.003338172,175.0568499
0.003431605,175.512045
0.003431605,175.8210415
0.003431605,176.2469356
0.003431605,176.5802588
0.003431605,176.9521297
0.003431605,177.3638168
0.003431605,177.6827519
0.00352503,178.0896217
0.00352503,178.3918385
0.00352503,178.8462161
0.00352503,179.1297829
0.00352503,179.5979621
0.00352503,179.8950098
0.00352503,180.3490955
0.003618446,180.6009488
0.003618446,181.0310955
0.003618446,181.3440204
0.003618446,181.7584839
0.003618446,182.0585306
0.003711853,182.4444409
0.003742986,182.7497134
0.003711853,183.1742185
0.003711853,183.4914433
0.003711853,183.9057285
0.003742986,184.2653564
0.003742986,184.6743336
0.003805251,185.0314208
0.003836382,185.3721344
0.003836382,185.7805652
0.003805251,186.0878867
0.00389864,186.5569598
0.003929768,186.8630631
0.003929768,187.3213125
0.003929768,187.6243479
0.00389864,188.051353
0.003929768,188.3487956
0.004023146,188.735943
0.003992021,189.088569
0.003992021,189.4914029
0.004023146,189.8294184
0.004023146,190.2079027
0.004023146,190.5729461
0.004023146,190.9315775
0.004023146,191.4046334
0.004023146,191.6958793
0.004023146,192.1295017
0.004023146,192.430958
0.004116516,192.9050729
0.004085393,193.1746524
0.004116516,193.6318446
0.004116516,193.9196529
0.004116516,194.339629
0.004116516,194.6080273
0.004240994,195.0912886
0.004303228,195.4282372
0.004303228,195.7441963
0.004303228,196.1378013
0.004303228,196.5008655
0.004427683,196.8410859
0.004427683,197.2410705
0.004521015,197.5851253
0.004489905,198.0021176
0.004521015,198.3926373
0.004521015,198.6837225
0.004614338,199.129939
0.004614338,199.4463383
0.004614338,199.8576849
0.004583231,200.1443514
0.004707652,200.5523811
0.004707652,200.8216367
0.004707652,201.2706163
0.004707652,201.589478
0.004800957,202.0170427
0.004800957,202.3552571
0.004800957,202.7430372
0.004800957,203.0112541
0.004894254,203.4523958
0.004894254,203.7779442
0.004894254,204.1431286
0.004987542,204.5247448
0.005018636,204.8443122
0.005111912,205.2206876
0.005080821,205.5547244
0.005111912,205.9657783
0.005174091,206.1985452
0.00520518,206.6706372
0.005174091,206.9089867
0.005174091,207.3236348
0.005267353,207.5858191
0.005267353,208.0047581
0.005360606,208.3025291
0.005360606,208.6980566
0.005360606,208.9848736
0.005360606,209.395786
0.005391689,209.6884397
0.005360606,210.0577386
0.005391689,210.3079175
0.005360606,210.7262012
0.00548493,211.0102153
0.005453851,211.36093
0.00548493,211.7061884
0.005547086,212.0256263
0.005547086,212.4439573
0.005547086,212.7142891
0.005578163,213.0742494
0.005578163,213.2922175
0.005609239,213.5729307
0.005640313,213.9790926
0.005764603,214.3754425
0.005764603,214.6278841
0.005764603,215.024635
0.005857809,215.2286717
0.005857809,215.6568892
0.005857809,215.8887027
0.005951008,216.3062515
0.005951008,216.5345894
0.005951008,216.8503001
0.006044197,217.199019
0.006013135,217.4997662
0.006044197,217.7849744
0.006137378,218.0735625
0.006137378,218.4656404
0.00623055,218.7484246
0.00623055,219.1482622
0.00623055,219.3290327
0.006323713,219.7212811
0.006416868,219.877739
0.006416868,220.2026047
0.006416868,220.4884439
0.006510014,220.8123346
0.006510014,221.0870824
0.006478966,221.4127679
0.006572106,221.7035924
0.006603151,221.9885832
0.00669628,222.404591
0.0067894,222.5103926
0.0067894,222.9181342
0.0067894,223.0954579
0.006913546,223.4514838
0.006882511,223.7024761
0.006975614,224.0754298
0.007068708,224.2417972
0.007068708,224.5768243
0.007161793,224.8349663
0.007161793,225.2037662
0.007161793,225.4362708
0.00725487,225.7297697
0.00725487,225.9887818
0.007347938,226.2681198
0.007347938,226.59189
0.007472015,226.7724326
0.007440997,227.1521345
0.007534048,227.33012
0.00762709,227.6507868
0.00762709,227.8384511
0.007720123,228.2299493
0.007751132,228.3920104
0.007813148,228.7488754
0.007937167,228.9065844
0.007999171,229.3061862
0.008030172,229.4862554
0.008123168,229.8080866
0.00809217,230.111579
0.00818516,230.3643428
0.00818516,230.6701637
0.00818516,230.8919548
0.00818516,231.2468321
0.008278141,231.3753269
0.008278141,231.8104353
0.008371114,231.9374647
0.008371114,232.3240084
0.008371114,232.4843984
0.008495065,232.7613235
0.008557034,233.0096448
0.008557034,233.3336015
0.008680961,233.5710388
0.008680961,233.8494332
0.008773897,234.1378401
0.008835849,234.4153951
0.008866823,234.6701537
0.008959741,234.8674343
0.009052651,235.2278952
0.009052651,235.4051215
0.009145552,235.7311908
0.009238444,235.9502713
0.009207481,236.2759476
0.009238444,236.4814658
0.009238444,236.8129739
0.009331327,236.9894834
0.009300367,237.3229097
0.009393245,237.4918862
0.009486114,237.7823242
0.009486114,238.0040274
0.009609926,238.3285335
0.009702775,238.5820729
0.009671827,238.8780184
0.009795616,239.122514
0.009888448,239.307966
0.009981271,239.6396731
0.010074086,239.8360448
0.010166892,240.1913562
0.010166892,240.3331423
0.010259689,240.6627743
0.010352478,240.8313619
0.010445258,241.179221
0.010445258,241.3734285
0.010445258,241.662779
0.010538029,241.9246694
0.010538029,242.152919
0.010630792,242.4482467
0.010723547,242.6388781
0.010723547,242.997496
0.010816292,243.1475033
0.010816292,243.4723276
0.010816292,243.5990128
0.01090903,243.9276971
0.01090903,244.1107368
0.011001758,244.426349
0.011001758,244.6356637
0.011094478,244.9185944
0.011187189,245.1044526
0.011187189,245.4239428
0.011279892,245.6186044
0.011279892,245.8802355
0.011372586,246.1223291
0.011403482,246.3365306
0.011465272,246.6174182
0.011588839,246.848225
0.011681505,247.1008214
0.011743277,247.3187366
0.011774162,247.6722378
0.011835928,247.8546132
0.01195945,248.0632583
0.012052081,248.2718503
0.012052081,248.6264914
0.012144704,248.7621478
0.012299056,249.0148172
0.012206447,249.3164843
0.012329923,249.5117391
0.012329923,249.8145246
0.01242252,250.0092646
0.01242252,250.3669427
0.012515108,250.4601051
0.012515108,250.7924508
0.012607688,250.8936377
0.012607688,251.2517399
0.012700259,251.3761432
0.012700259,251.6796176
0.012669403,251.8912609
0.012700259,252.1690117
0.012792822,252.4554901
0.012885376,252.6452779
0.012885376,252.910127
0.012947074,253.1127009
0.013101302,253.3843328
0.013070458,253.551844
0.013162987,253.8023704
0.013255506,254.0495632
0.013286344,254.3558494
0.013378853,254.4431709
0.013378853,254.7547936
0.013471352,254.9151948
0.013563844,255.215064
0.013656326,255.4396416
0.013687152,255.593329
0.013748801,255.9324743
0.013841266,256.0877046
0.013841266,256.4070862
0.013933723,256.528416
0.014026172,256.847557
0.014056986,257.0029112
0.014118612,257.3063333
0.014211043,257.43689
0.014241852,257.7363681
0.014303466,257.8669793
0.014303466,258.0840837
0.01439588,258.3658063
0.014519086,258.5296305
0.014488286,258.8935614
0.014611481,259.0111448
0.014611481,259.3276716
0.014703866,259.4574468
0.014673072,259.8018891
0.014796244,259.9072661
0.014888612,260.2161626
0.014888612,260.3457904
0.014980973,260.6717572
0.015073324,260.8141052
0.015165668,261.0325495
0.015258002,261.3030952
0.015350329,261.474049
0.015381102,261.738138
0.015442646,261.8517519
0.015534955,262.1837652
0.015627256,262.3182074
0.01575031,262.5934253
0.01575031,262.7311112
0.015842591,263.0244431
0.015934863,263.1637371
0.015996373,263.4159369
0.016027127,263.6365405
0.016119382,263.8358701
0.016211629,264.0611113
0.016211629,264.2405767
0.016303867,264.5134459
0.016396096,264.615478
0.016488318,264.9142402
0.016488318,265.0728575
0.016611266,265.3912306
0.016611266,265.4435447
0.016703467,265.8032859
0.016703467,265.9518354
0.01679566,266.1162531
0.016887844,266.3798108
0.016887844,266.5202335
0.01698002,266.8257328
0.017010743,266.9138567
0.017072187,267.2783794
0.017164346,267.3913515
0.017256496,267.64217
0.017256496,267.7147371
0.017348638,268.0210395
0.017440772,268.1694598
0.017532897,268.3861198
0.017625013,268.5387424
0.017717121,268.7731046
0.01780922,269.0620917
0.01780922,269.2050296
0.017932006,269.4412601
0.017932006,269.5616714
0.018024086,269.8443514
0.018116157,270.0029699
0.018116157,270.2420446
0.018177533,270.3419573
0.01826959,270.5949548
0.01839232,270.7181933
0.01839232,270.9989151
0.018484357,271.1957673
0.018576386,271.4293019
0.018668406,271.6139339
0.018668406,271.8296152
0.018760418,272.0390887
0.018852421,272.117895
0.018913752,272.412761
0.018944416,272.4370245
0.019036402,272.7257352
0.019036402,272.8593787
0.01912838,273.1125477
0.01922035,273.2203434
0.019312311,273.5580101
0.019312311,273.7811622
0.019404264,273.9019341
0.019434913,274.1131056
0.019496208,274.2162311
0.019588144,274.4940721
0.019680071,274.6235211
0.019802627,274.8837565
0.0198639,274.9150561
0.019955802,275.251278
0.020078325,275.3660747
0.020170207,275.604433
0.020262081,275.770736
0.020353946,275.9134427
0.020353946,276.1535765
0.020445803,276.2545942
0.020537651,276.5534777
0.020629491,276.6098252
0.020598879,276.6850182
0.020721323,276.9904475
0.020813146,277.2053492
0.020904961,277.3408857
0.020904961,277.5593325
0.020996767,277.6558221
0.021088565,277.9080219
0.021088565,278.0910377
0.021180354,278.2820496
0.021363908,278.5662109
0.021455672,278.6036182
0.021547428,278.8942061
0.021578011,279.0179678
0.021639175,279.2130937
0.021730914,279.3759959
0.021822645,279.5907004
0.021914367,279.7529696
0.02203665,279.9219873
0.022128352,280.0925782
0.022189482,280.2322435
0.022281171,280.4581417
0.022372851,280.5240667
0.022495078,280.7508137
0.022586738,280.8114582
0.02267839,281.0616853
0.02267839,281.2175057
0.022770034,281.5063842
0.022861669,281.6466789
0.022953296,281.6583936
0.022953296,281.956345
0.023044914,282.086883
0.023136524,282.3418048
0.023105989,282.4319795
0.023228126,282.6447184
0.023319719,282.7506162
0.023411304,282.9884238
0.023502881,283.1201648
0.023533404,283.3271886
0.023594449,283.5133727
0.023808075,283.600425
0.023899615,283.8281633
0.023991147,283.9497774
0.024052164,284.1877903
0.024143681,284.2102077
0.024265692,284.4453194
0.024326692,284.5240135
0.024418185,284.8466039
0.024509669,284.9201038
0.024631635,285.0910593
0.024692613,285.3107445
0.0247231,285.386991
0.024906004,285.6415589
0.024997444,285.7013482
0.024997444,285.9352078
0.025088876,286.0396418
0.025180299,286.2348008
0.025271713,286.304872
0.025271713,286.5342283
0.025363119,286.6843368
0.025454517,286.7809077
0.025545907,287.0255805
0.025637288,287.1143273
0.025728661,287.3799559
0.025759117,287.4014574
0.025820026,287.671091
0.025911382,287.7744167
0.02600273,287.9782274
0.026094069,288.069177
0.026154957,288.2790811
0.026276723,288.4186398
0.026368038,288.4808712
0.026459344,288.7260232
0.026550641,288.8205562
0.026550641,289.0198
0.026641931,289.0699888
0.026733212,289.3107516
0.026824485,289.3359468
0.026946169,289.5785203
0.027037422,289.6635963
0.027037422,289.8760416
0.027098253,290.026715
0.027219904,290.1712947
0.027311132,290.3551112
0.027402353,290.4659417
0.027493564,290.658046
0.027584768,290.7441316
0.027645565,290.937431
0.02776715,290.972483
0.027858328,291.1599645
0.027949498,291.2765067
0.028010274,291.518807
0.028131814,291.6174301
0.028222959,291.7957436
0.028314096,291.9722254
0.028405225,292.0414754
0.028496345,292.250174
0.028587457,292.2762355
0.028678561,292.4724479
0.028769656,292.5009817
0.028860743,292.7467013
0.028951822,292.8349847
0.02898218,293.0737546
0.029042892,293.173834
0.029164307,293.2666903
0.029225009,293.5162162
0.029346401,293.5077241
0.029437436,293.7486656
0.029528462,293.7803815
0.02961948,293.9954032
0.02971049,294.0325826
0.029801491,294.236948
0.029892484,294.2840982
0.029983469,294.4606526
0.030074446,294.6778988
0.030165414,294.7093649
0.030165414,294.9596949
0.030256374,294.967903
0.030347326,295.2028365
0.03043827,295.2556897
0.030559515,295.5043966
0.030559515,295.5231796
0.030620132,295.7487505
0.030711051,295.9005322
0.030832263,296.0075063
0.030923162,296.1233741
0.030983757,296.1946851
0.031074643,296.3574479
0.031195811,296.3813872
0.03125639,296.6153366
0.031377536,296.6385928
0.03140782,296.7874276
0.031559227,296.9011553
0.031650061,297.0941341
0.031771159,297.2399107
0.031740886,297.3641314
0.031831703,297.5337162
0.031922511,297.6008541
0.032043577,297.7817531
0.032134366,297.8134379
0.032194888,298.0678113
0.032285663,298.1024223
0.032406685,298.2595583
0.03246719,298.3916736
0.03246719,298.4736414
0.032557941,298.7125045
0.03267893,298.6807381
0.032769661,298.8561345
0.032830145,298.8413698
0.0329511,299.0710891
0.033041807,299.1232203
0.033132506,299.309991
0.033223197,299.415434
0.033283652,299.5184615
0.033404553,299.7883671
0.033525439,299.7461247
0.033585877,299.9384053
0.033706741,299.9390185
0.03379738,300.1487211
0.03388801,300.1796863
0.034069246,300.3433935
0.034159852,300.4771321
0.034250449,300.6089733
0.034341038,300.7599628
0.034431619,300.868633
0.034522192,300.9759775
0.034612757,301.0152078
0.034733497,301.1789
0.034793862,301.1928063
0.03491458,301.4286773
0.035005109,301.419108
0.03509563,301.626953
0.035186143,301.758176
0.035276647,301.9156483
0.035367144,302.0203191
0.035457632,302.0414268
0.035548112,302.2288245
0.035668739,302.2981929
0.035729047,302.4499382
0.035819503,302.5623725
0.035940097,302.7157551
0.036000389,302.8196488
0.03609082,302.8874935
0.036211382,303.0588887
0.036271657,303.0619289
0.036392197,303.2294727
0.036482593,303.1520306
0.03657298,303.3483526
0.036663359,303.4257088
0.03675373,303.5771415
0.036844093,303.7324939
0.036934448,303.7434329
0.037024794,303.9941377
0.037145244,303.9838486
0.037205463,304.1938088
0.03732589,304.2401815
0.037386099,304.3536932
0.037476404,304.4277928
0.037566702,304.5826891
0.037656991,304.6401629
0.037777364,304.7681743
0.037867635,304.9063602
0.03792781,304.9446727
0.038048151,305.1277564
0.038138397,305.068762
0.038228635,305.3007096
0.038318864,305.3497402
0.038409086,305.4921429
0.038499299,305.5934872
0.038589504,305.5909876
0.038679701,305.7051168
0.03876989,305.7657476
0.038860071,305.9890198
0.038950244,305.9848953
0.039040408,306.1879998
0.039160615,306.1871632
0.039250761,306.4091238
0.039310853,306.5136063
0.039431028,306.6050227
0.039521149,306.7611774
0.039611262,306.7910351
0.039701367,306.9609829
0.039761432,306.9060849
0.039881552,307.1122537
0.039971633,307.0867663
0.040061706,307.218308
0.040121749,307.2936908
0.040241826,307.3719821
0.040421914,307.5641768
0.040511946,307.5785449
0.04060197,307.7090445
0.040691986,307.6563408
0.040781994,307.8875067
0.040871993,307.8059438
0.041081961,307.8611924
0.041171933,307.9497157
0.041261898,308.0770667
0.041291884,308.3142498
0.041441802,308.402712
0.041531743,308.6086611
0.041621675,308.5762239
0.041711599,308.8043614
0.041801515,308.7639215
0.041891422,308.9225516
0.041981322,309.0312867
0.042071214,309.0557996
0.042191057,309.2118924
0.04228093,309.2031219
0.04234084,309.4163061
0.0424307,309.3504924
0.042520551,309.4971407
0.04264034,309.4843658
0.042819997,309.6662097
0.042909814,309.7227091
0.042999622,309.8076281
0.043089422,309.9277261
0.043149284,309.9636844
0.043268998,310.1017133
0.043358774,310.0884143
0.043448542,310.2431378
0.043538302,310.2636964
0.043508383,310.3447682
0.043717798,310.4701252
0.043837443,310.4911448
0.043927168,310.6627058
0.043986981,310.6659037
0.044076692,310.8361703
0.044166396,310.710536
0.044256091,310.6365059
0.044375673,310.6236229
0.044435458,310.8633126
0.044555018,311.1646846
0.044644679,311.2635216
0.044764214,311.4502465
0.044913612,311.508792
0.045003241,311.706101
0.045092861,311.7485121
0.045212343,311.9110648
0.045301945,311.9587573
0.045451263,311.902644
0.045540843,311.9692683
0.045540843,312.0066964
0.045630416,312.1104787
0.04571998,312.0846892
0.045839386,312.266725
0.045899084,312.2591609
0.046018469,312.4071076
0.046078157,312.4807545
0.046257197,312.5177685
0.046346705,312.6258312
0.046436205,312.5711719
0.046525697,312.7340288
0.046615182,312.7061728
0.046704658,312.8773759
0.046794126,312.9420484
0.046913404,312.9700685
0.047002854,313.1778131
0.047092295,313.1213404
0.047151918,313.3149074
0.047271154,313.2019844
0.047449981,313.3727857
0.047539382,313.4286418
0.047628776,313.4789662
0.047718161,313.6204657
0.047837329,313.5959032
0.047926696,313.8219169
0.048105406,313.7931516
0.048164969,313.9374121
0.048254306,313.9158774
0.048373411,314.0748499
0.048432958,314.0882344
0.048611577,314.1597496
0.048700874,314.2561715
0.048790164,314.2687531
0.048909205,314.3773752
0.048998476,314.3631723
0.049057985,314.5877526
0.049176994,314.5472998
0.049295989,314.6710234
0.049385225,314.7388403
0.049533935,314.7397822
0.04962315,314.9294311
0.049712358,314.9403301
0.049801557,315.0004653
0.049920478,315.0285939
0.050039384,315.1158042
0.050128554,315.1284216
0.050187996,314.4627421
0.050277153,314.7478947
0.050425731,314.9810627
0.050544577,315.3770351
0.050633702,315.527467
0.050722819,315.7659759
0.050811929,315.8149523
0.050930729,315.8826237
0.050990123,316.0340571
0.051049515,315.9823252
0.051168287,316.0809908
0.051257356,316.0052676
0.051346418,316.1715638
0.051435472,316.0717538
0.051494837,316.1400809
0.051613556,316.186121
0.051702586,316.2355044
0.051791608,316.365737
0.051910292,316.3625705
0.052088291,316.5245693
0.052147617,316.4487696
0.052266258,316.6436931
0.052414541,316.5926884
0.052503499,316.7147424
0.052622099,316.8448177
0.052770328,316.8087246
0.052859255,316.9226348
0.052977812,316.8217775
0.053037086,316.9257137
0.053155622,316.8573107
0.053214884,317.0341167
0.053303772,317.1049767
0.053422276,317.1651228
0.053540767,317.2690238
0.053629626,317.21175
0.05368886,317.3176311
0.053777706,317.2867132
0.053866543,317.4505868
0.053955373,317.4671124
0.0540738,317.5244241
0.054192213,317.593166
0.054310613,317.6431042
0.054428998,317.7723857
0.054606549,317.7506365
0.054665726,317.8994138
0.054754485,317.8595382
0.054843236,317.9014762
0.054961558,317.9757574
0.055020714,318.0138275
0.055139015,318.1103952
0.055257302,318.0389417
0.055375576,318.2156617
0.055493835,318.1177765
0.05558252,318.3404216
0.055671197,318.2925655
0.055789422,318.3756513
0.055966732,318.4536065
0.056025828,318.4916931
0.056114466,318.5682192
0.056203097,318.4895669
0.056321258,318.6551516
0.056380333,318.6212431
0.05646894,318.7326178
0.056557539,318.7187351
0.056793764,318.8249794
0.056852812,318.9140092
0.056941376,318.8745704
0.057059451,318.9774173
0.057147997,318.9364292
0.057295557,319.1140709
0.05741359,318.994856
0.057472601,319.1292569
0.057561111,319.2268209
0.057649613,319.2607019
0.057738107,319.3876518
0.057915072,319.247681
0.058003543,319.4017527
0.058092006,319.3523951
0.058239427,319.3901641
0.058298389,319.5093817
0.058445779,319.5105401
0.058534203,319.5764329
0.058622619,319.5141996
0.058799428,319.6202469
0.058917283,319.6095497
0.059035124,319.7214941
0.059182406,319.749774
0.059241313,319.7792386
0.059359116,319.9010769
0.059447459,319.8564374
0.059535794,319.9796516
0.059624121,319.9491976
0.059712441,320.0415775
0.059830189,320.100915
0.05991849,320.0181128
0.060006784,320.1278046
0.060065642,320.0746783
0.060242196,320.1764902
0.060359881,320.0692901
0.060418718,320.3298992
0.060506968,320.3289434
0.060624622,320.2751442
0.06077167,320.3228994
0.060859888,320.3183929
0.060948099,320.4338473
0.061065701,320.3665943
0.061153893,320.4840821
0.061271471,320.4534328
0.061418424,320.4924903
0.061506586,320.6201632
0.061594739,320.5057989
0.061682885,320.578046
0.061829778,320.4780931
0.061917903,320.6258077
0.062035391,320.5999104
0.062152865,320.6263863
0.062211597,320.7235095
0.062329051,320.6437293
0.062446491,320.7726234
0.062593271,320.6475807
0.062681329,320.7951367
0.062769379,320.7413223
0.062916112,320.7741942
0.063033483,320.8087448
0.063121502,320.7816832
0.06332685,320.8928338
0.063385513,320.7337479
0.063473501,320.8692451
0.063620131,320.7637505
0.063737419,320.8077382
0.063825376,320.8624858
0.063913326,320.8409044
0.064001267,320.861176
0.064206435,320.7464143
0.064294351,320.839418
0.064352957,320.8694978
0.06444086,320.9072414
0.064558052,320.9044076
0.064675231,320.8007449
0.064821684,320.8209912
0.064938832,320.7529395
0.065026683,320.9456543
0.065202363,320.8653812
0.065260916,320.9256653
0.06534874,320.8217086
0.065465825,320.7509504
0.065553631,320.8303305
0.065641428,320.7099365
0.065729218,320.8060625
0.065817,320.6565914
0.065992542,320.7299592
0.066080301,320.6975303
0.066168052,320.6026186
0.066255796,320.6920071
0.066343532,320.5614607
0.066518981,320.6075814
0.066606693,320.4745336
0.066723632,320.5205491
0.066840557,320.4939475
0.066986694,320.4463999
0.067074366,320.4801023
0.06716203,320.3744462
0.067337335,320.41883
0.067424976,320.2458572
0.06751261,320.3298492
0.067600236,320.2392835
0.067687854,320.1934258
0.067804666,320.1638749
0.067892266,320.0032073
0.068009054,320.0370115
0.068067443,319.9378682
0.068155021,319.9434676
0.068330152,319.8241496
0.068417706,319.7880888
0.068505253,319.7561449
0.068621969,319.6945981
0.068767846,319.7253323
0.068855362,319.5373414
0.06894287,319.5794536
0.069030371,319.4008936
0.069147026,319.4101211
0.069292826,319.3419944
0.069380296,319.1694537
0.069467759,319.177816
0.069613512,319.0231267
0.069759244,319.0058811
0.069817531,318.8450833
0.069934095,318.8244459
0.070021509,318.753509
0.070108915,318.631093
0.070196314,318.6714742
0.070371088,318.4113439
0.070458464,318.4020161
0.070633192,318.2623475
0.070720545,318.114364
0.070720545,318.114364
0.070982557,317.8972771
0.07106988,317.9642312
0.071186298,317.7362666
0.071302702,317.727254
0.071448188,317.5010374
0.071448188,317.4372779
0.071593653,317.3494285
0.07171001,317.1967605
0.071826353,317.091098
0.071942683,316.8847277
0.072000843,316.8317312
0.072058999,316.7187439
0.07226252,316.6122581
0.072320662,316.4862087
0.072407867,316.2507692
0.072495065,316.2004809
0.072611317,315.9333059
0.072698497,315.9338984
0.072814726,315.7780806
0.072959992,315.5864644
0.073047142,315.5142355
0.07316333,315.3088135
0.073221419,315.2079212
0.073395665,314.9221121
0.073511812,314.8859674
0.073569881,314.7105321
0.073656978,314.4885819
0.073802122,314.3982526
0.073889198,314.1403653
0.074034309,314.0475835
0.074121365,313.8155227
0.074237428,313.6924874
0.074353478,313.5160759
0.074469514,313.3018535
0.074556532,313.1988955
0.074643543,312.8769079
0.074759546,312.8620801
0.07490453,312.576621
0.07499151,312.3690454
0.075194435,312.3197074
0.075252406,311.9926715
0.075484257,311.9188394
0.075542211,311.5340331
0.075629136,311.4446935
0.075745024,311.227914
0.075918832,310.9064046
0.075976761,310.8214528
0.076063648,310.4711894
0.076150528,310.3494768
0.076324264,310.0399823
0.076440072,309.9138804
0.076526919,309.6922415
0.076642703,309.3769563
0.076787415,309.2282911
0.076874232,308.8452325
0.076932106,308.7104475
0.07701891,308.4237808
0.077105707,308.228718
0.077308203,307.990595
0.077423897,307.6407266
0.077568495,307.5266865
0.077655245,307.0759226
0.077741986,306.8908353
0.07782872,306.591392
0.077915447,306.3241232
0.078002166,306.1341856
0.078088877,305.7225111
0.07823338,305.5064538
0.078348966,305.1404778
0.078435648,304.8598762
0.078637875,304.5914563
0.078724532,304.2200903
0.07881118,304.0109547
0.078897822,303.5978218
0.079013332,303.416853
0.079157701,303.0240883
0.079244312,302.7224656
0.079388648,302.3964122
0.079475239,301.9221979
0.079590682,301.7110556
0.079677256,301.1612489
0.079879233,300.9149368
0.079936933,300.430479
0.080052323,300.0588322
0.080138857,299.7245092
0.080254224,299.2334887
0.080398414,298.8013014
0.080484918,298.0902264
0.080571414,297.6977732
0.080657903,297.0844164
0.080744385,296.3783307
0.080917325,295.5257615
0.081003784,294.5178431
0.081205493,293.2124266
